,Feature1,Feature2,Label
0,-1.2594665801644327,21.274883544311884,0
1,7.957609571572057,-20.76869548397642,1
2,6.991924411350057,-9.955988313752636,2
3,-15.906105618597753,3.332465493798085,3
4,23.306866390094253,4.269062332585431,4
5,-14.087085947390891,7.914446137651485,5
6,21.36340822147278,5.288340783885464,6
7,-2.9526044350383485,-21.07166939761157,7
8,-5.255135157707421,1.1833600963590039,8
9,-5.480199500327065,8.076321173113165,9
10,11.215079012526086,16.919863118466015,0
11,3.0091820042380757,-11.994811452162393,1
12,-2.4141907408571344,-4.851668442354944,2
13,-23.25561843694216,-1.9067553975079568,3
14,24.45673215700756,2.6612931777263653,4
15,-1.4007253440808767,-15.861297090119484,5
16,17.166672167818273,-2.3892027052717806,6
17,5.616053062161718,-12.92635234916348,7
18,-2.845156372660955,-14.28963956327378,8
19,-13.771359843086278,8.846407262200115,9
20,6.435363646230286,19.477105228288536,0
21,0.025864162479174203,-10.33703930919979,1
22,-8.08883660803381,-8.811958157839111,2
23,-19.189778331184424,-4.515536706459643,3
24,17.538768758035072,4.627725409633186,4
25,6.11141415866586,-5.461902679165286,5
26,21.334214875737597,8.105428406322895,6
27,4.7758479085324375,-5.181390485905753,7
28,0.44473904908534667,-7.381746565924617,8
29,-14.534225444105045,9.432621565326237,9
30,0.2409289448712844,26.59301132386628,0
31,-13.63045031386783,7.370624193974077,9
32,-5.020239506555918,-3.598295484278296,5
33,-6.030018843569934,-11.21776437486936,5
34,18.006547789417468,3.4746864993986466,6
35,-3.185573602251667,-9.59017397298146,5
36,6.134362786951575,15.899976652658754,0
37,-13.375003523993287,9.993778375995024,9
38,-0.01803788370627858,-11.679004625353711,8
39,-20.743856183038922,12.822920752187914,9
40,-4.388879613218692,-10.773906853071292,8
41,25.045083401656743,0.7712326722451713,4
42,2.8245276746604833,-9.2869245309547,1
43,5.663810918741545,-10.36867531589989,7
44,-3.5640985795113247,-18.92043879787734,7
45,-20.85199970610554,3.078162730810715,3
46,3.009721285046495,-11.390426584548852,5
47,1.6440050815097214,-10.738077765508612,1
48,5.018475807305346,20.774685334507605,0
49,3.9385904046982363,20.88214544982521,0
50,0.9825065085911964,-6.804780007201456,2
51,6.265388878972469,-7.259270364385783,2
52,6.897603511250023,-13.321297181850374,7
53,1.6728845284467986,-9.991353264061262,8
54,10.710406286659342,-9.208362936230882,2
55,10.322774751039129,13.99015733260976,0
56,3.253991745441607,-9.593462642558542,1
57,6.659996366396537,-11.723523195719416,2
58,22.426659092493008,10.557020688531269,6
59,-19.406630195803846,-8.13523331870003,3
60,-23.56550588714637,3.6212537567790153,3
61,4.770002439956352,-11.743511618632104,7
62,-23.89206968194156,0.5928265320912288,3
63,-21.561376952289233,-8.819550883605174,3
64,28.18161897818353,7.427001436497192,4
65,21.391646562570116,11.176552007794314,6
66,21.36459894728138,8.288250239407578,6
67,14.76850201169292,17.141870867404005,6
68,19.44658407409099,-4.410853763648914,4
69,-7.711833554949185,-19.18783939990252,9
70,7.914306920125329,-10.855708617675168,1
71,-6.150653707874298,-5.705780647811393,5
72,6.308076935397608,20.10218990576592,0
73,-18.42439542682066,11.80182886627811,9
74,-1.2758158725795203,0.967054496993207,5
75,2.9903648188805985,-9.24057225803329,2
76,2.7498084058603203,-11.291073374289624,8
77,6.564550064072801,-13.927235216448302,2
78,-3.4294617410882156,22.84358439050435,0
79,-1.2648431088048964,23.802459776563538,0
80,0.1916589804982854,-15.574503799057714,1
81,1.33728225624424,-19.62335482152376,7
82,21.696101908506584,7.17553012813296,6
83,-20.242240055614968,-5.357028236918265,3
84,-3.7303087470412044,-2.326932123938715,2
85,7.499048718545137,-20.864221851003126,1
86,6.524912211367579,-3.7144194939136717,7
87,18.200438016157214,-13.21295108269454,4
88,22.068796138258072,2.2351707182596723,6
89,-24.09607912870057,-1.8128519998786259,3
90,3.135179790117257,-14.100674657760232,1
91,-20.60603017631318,-14.859451152874575,3
92,-20.17548039412911,12.002428683140145,9
93,12.55868748166212,-20.237286641055537,1
94,-0.15722313546175562,-17.464982605729727,7
95,20.139075671248808,-4.684802745944195,6
96,3.1150397611086578,-10.382007343717474,8
97,22.568147183927273,0.686583193198313,4
98,-24.68563258500093,-5.215518818837845,3
99,19.922251870872397,-19.197565572536057,1
100,22.772324255862667,4.986718099398623,4
101,8.557608396338384,23.516911861575938,0
102,-0.013976030605141502,-3.906442617200906,5
103,-14.336282381464695,-23.071800634476347,3
104,24.50237210656771,1.268469140821265,6
105,-16.437780364349468,11.554031328173632,9
106,18.06833641603707,-1.4116508585435388,6
107,-0.7919473987753498,-9.227781430146935,1
108,3.681957502479344,-11.339712626219061,7
109,0.8559457017369543,-7.073052327542226,5
110,16.832207480018035,-1.3880812894037318,4
111,18.748063407998313,2.6905234769783717,4
112,2.369741225544234,-17.657909682370477,7
113,-2.0042163568044002,-10.532676896895355,2
114,3.6108442861913437,-11.306377133035094,8
115,2.8354156745341244,-7.487239872821223,2
116,-4.984615762870278,-4.535661314342775,2
117,-3.1868628792509694,-16.201472423352794,5
118,0.29033306473537407,-15.946158330079435,7
119,-11.928596957470623,11.517824732182875,9
120,-3.3199867286143006,-3.6741756986229137,5
121,16.71068519929121,-12.116903515926648,4
122,0.0499027864187758,-18.768917917336026,8
123,-3.6522179629724496,-14.980889680081532,8
124,24.507035476302306,1.2244840706878968,4
125,-16.19128699197956,-0.5197858687255683,9
126,7.653089721499236,21.08938996358457,0
127,1.7710578162821904,-10.770882981996765,8
128,-15.354967826883739,13.881227038007633,9
129,4.319650976859542,-15.587814634879729,8
130,2.0171438624696116,24.1359199930057,0
131,-3.9070404181252045,3.8289065591439213,1
132,-8.442297062092463,-7.619612994930258,2
133,-19.63267495967995,-11.996246133573262,3
134,18.417609381248173,-14.954130735045263,4
135,-0.9930209559396992,-13.182853713235176,5
136,14.555751304051801,17.149465624587737,6
137,1.0696345757699155,-17.975347380671323,7
138,1.2114573568287283,-5.260106033383807,8
139,-18.297921428121,14.034170566273835,9
140,3.5609631650421565,21.52902232970629,0
141,2.801755751173432,-7.266312525432145,1
142,-10.027917460471947,-11.593353794232758,2
143,-26.954984619724996,0.8162803081815145,3
144,22.416447451546706,-10.872646746185819,4
145,-4.345158896685332,-17.564691667776454,5
146,18.005018607914913,10.402585259430783,6
147,4.874820471225221,-20.399254859783326,7
148,4.209085258983764,-0.2165567567286697,8
149,-18.42951722479107,11.876407393311311,9
150,8.081883027267152,22.276605516819206,0
151,-2.230517864649068,-2.5155932723740175,1
152,-12.0289923760169,-14.18588706924982,2
153,-16.928595044366283,-8.0027383669457,3
154,19.64133204813736,-12.415478617797737,4
155,6.280497560682361,-2.24095900380079,5
156,20.024517659931597,6.832912776535341,6
157,3.8598277783273995,-19.633992268341178,7
158,7.17325977758927,-12.268848866719127,8
159,-16.198653128834813,11.615047516329142,9
160,6.023720406794902,20.839451667496682,0
161,-12.960693165952554,8.282034497301341,9
162,1.5601493671599138,-15.375630162180185,5
163,5.047767428566547,-10.993865839499502,5
164,18.197392956339996,15.4338289756947,6
165,2.42029535288042,-10.290361910582815,5
166,4.289127885679479,22.57856081885303,0
167,-14.511934050385463,12.323865191582525,9
168,3.654194199452765,-6.802638013858642,8
169,-16.93509614852131,12.65766780127979,9
170,4.045922024636586,-12.538543727701054,8
171,25.33874304877912,-12.589393011321217,4
172,-2.313787959907279,-3.4118452967704576,1
173,0.12649334657566622,-20.005066221667384,7
174,-2.228877244059124,-19.540605048153864,7
175,-21.54342161782475,-8.631610648914652,3
176,-2.480009242719,-9.616132016813792,5
177,-1.9232325668904882,3.6490003466767136,1
178,2.8096655773739796,24.26961473871797,0
179,10.782119275287146,16.172701222908398,0
180,-9.578714482341807,-9.773435055751628,2
181,-9.727270507618721,-12.541271287080288,2
182,0.7731870636238375,-22.194302267549265,7
183,-5.092150440026437,-0.9686994075055292,8
184,0.23756271970111087,-4.679722290849982,2
185,10.660774329470156,21.459927275602606,0
186,2.0679621386173084,-7.392972657081893,1
187,-3.240448467414554,-8.897498619385951,2
188,15.698006936656197,13.265298508969327,6
189,-26.069904728532432,3.5089128749419025,3
190,-19.143510226385548,-2.190161505219418,3
191,8.919399757263704,-21.080094768397966,7
192,-21.87708968327446,2.27744289496889,3
193,-23.029149623343468,-2.410266029703591,3
194,20.37979341348106,-10.446026613436551,4
195,23.703125032743124,5.4659139594353645,6
196,18.44452114458677,13.382768767459643,6
197,18.897535430944295,16.66120177871974,6
198,21.096009938446667,-12.783755006672711,4
199,-10.30124360176256,10.452400866770308,9
200,7.207732628756433,-9.86511279113414,1
201,-0.14200641545850587,-12.376018172876618,5
202,5.710828121817758,24.425800489948784,0
203,-14.937832450155414,5.33642291471353,9
204,2.8972798361040932,-4.025534331199328,5
205,-8.980889081208277,-12.277021315633705,2
206,-0.08283239918055817,-14.783642195502162,8
207,-5.401586676890324,-12.561864813870457,2
208,14.796132519790294,16.284131845803884,0
209,11.314744380747818,20.63746878796961,0
210,1.4398214009385049,-5.46181732191268,1
211,1.1310827359506699,-23.618722404445247,7
212,17.329372041576367,15.881807399245758,6
213,-20.44570616735147,-6.704561936801256,3
214,-5.2640949249178846,-9.300087595658644,2
215,1.0761671010706653,-10.677802796716648,1
216,5.71625230178307,-19.764622837631716,7
217,-18.304848237492102,-9.526073863605115,3
218,-1.6309804112233366,-0.2375407089323248,1
219,-19.84272351508452,-8.780034022312051,3
220,-14.048473213604769,5.211254763469358,9
221,7.58238612065047,-10.893192806518082,1
222,-1.6468181529431678,-21.75725600425324,7
223,19.472354000403794,2.2586824000023475,6
224,1.7911029549190727,2.965318116169225,8
225,26.25005745328734,-11.806751736015924,4
226,-17.852608556208295,-9.136755711278425,3
227,3.91738930422448,-11.008659354776915,1
228,24.84519590395644,-13.100009287740185,4
229,0.13817760774240245,25.08492947047548,0
230,-0.3027978545406748,-11.02413604969553,5
231,-13.524029080078822,-9.031733219972063,3
232,17.478343387344438,13.751655194555948,6
233,-13.941891828768746,9.539757760159135,9
234,9.930618107763635,21.577957931709538,6
235,9.530344432070962,-9.762780983377356,1
236,-0.204475393134558,-20.87902291424475,7
237,7.695406066939704,-8.70525453175354,5
238,20.79718873718562,-12.870243371398997,4
239,22.257851539405785,-15.988398631056112,4
240,5.522117543667559,-20.469942547469497,7
241,1.4936798221867484,1.395473947765631,2
242,5.424007769542174,-15.77055485838348,8
243,-1.320328351685559,-0.5308806029164103,2
244,-4.274057942533652,-12.117791642635382,2
245,4.459896506903993,-11.033219093725831,5
246,3.1716700908063853,-12.790385919915828,5
247,17.546572329984425,-8.221361262611769,4
248,1.3570490028607765,-7.54532045982063,8
249,-0.37036747524590075,-8.034037642632288,8
250,22.69775267966241,-13.28092381682328,4
251,-8.971383624386572,12.688570475669051,9
252,7.956973028227814,23.210664118792252,0
253,-1.7645993986012594,-2.877499339680001,8
254,-4.0611798660955,8.399254882060335,9
255,5.271744874715625,-5.364027630305382,8
256,5.648397163214817,18.794948700507323,0
257,10.84806271542519,-21.25920418381308,1
258,-10.633238494323138,-4.294857787383257,2
259,-19.473197382259077,3.3440306311465053,3
260,20.917819197469917,-1.5932713152067997,4
261,-11.580749487129232,11.226692801512826,5
262,14.565762686701053,15.624678906533136,6
263,-5.7036600674134315,-22.353108844107226,7
264,-6.6729371497737535,1.7017187746734044,8
265,-7.940788193267431,-8.732785772049473,9
266,3.1501517215148067,20.832731872144745,0
267,8.76902590137763,-18.584406361835782,1
268,-10.763189392349965,-6.614982974403096,2
269,-15.66561067231068,-1.2307287144884724,3
270,26.452920130673263,-3.9439766855677796,4
271,-6.211506573431053,-17.507828882312143,5
272,18.38203047117994,15.156445025798181,6
273,1.0691727950361214,-17.769301456851444,7
274,1.7501554110187678,-9.222304107387933,8
275,-4.307731424849829,-17.065973732393452,9
276,0.647392803082077,20.82333213981789,0
277,13.431460838564163,-18.01903440417505,1
278,-13.269733603678647,-5.221146069125939,2
279,-22.50371927588702,0.8222611420824782,3
280,23.395297320769142,-1.0159239490722125,4
281,-8.892821707541023,1.5682823184936407,5
282,14.97475367351577,15.31892385571671,6
283,7.5019674445867555,-14.391057411792799,7
284,7.058231917208324,-7.670881744106371,8
285,-23.422101504815792,8.731559664345934,9
286,5.817955614962841,18.497680356922633,0
287,-17.34892186811909,10.64812753365888,9
288,-7.499345594557019,5.151326679009305,5
289,-7.040396432484298,12.800603952603382,5
290,17.759393573187275,10.053909089278843,6
291,-8.546195433894646,14.437866482568976,5
292,-3.160572226592464,18.970420569695865,0
293,-15.142657661291477,6.686863551567037,9
294,-2.651168798951578,-1.7740278849424498,8
295,-16.0389227996653,13.86996252192077,9
296,-1.0875944428357123,-1.7525059555231057,8
297,27.5662295004897,4.130560374551628,4
298,14.171768389527697,-18.8110676759352,1
299,-4.225834494819698,-17.726467760958894,7
300,1.3544105009402556,-13.720554776493511,7
301,-20.542048168005472,0.04206840341947838,3
302,-7.079709309768811,1.421034019686435,5
303,9.718381693574198,-16.84064751405341,1
304,3.663118544838138,20.53801991261308,0
305,-0.6204143064902969,24.84823788664744,0
306,-12.366535268120074,-1.527276697009838,2
307,-10.070194059190694,-5.362949811261587,2
308,-5.252833287256762,-19.552117192173654,7
309,-8.132995522402473,4.391088233150039,8
310,-13.282356183047241,-8.861146014914699,2
311,1.1144280211157995,21.335658097144872,0
312,5.5928771524720595,-11.560088845379152,1
313,-12.355046236095788,-3.604713011619608,2
314,5.496344735825784,13.61867400665273,6
315,-16.31610389452397,-3.36593341454437,3
316,-20.749204462102373,-1.9286085865403655,3
317,1.8903491866618818,-16.651456948173237,7
318,-25.423756933077712,0.5508605703367586,3
319,-20.433158387323804,-1.7086906070219383,3
320,28.889213038257466,2.7423800846739184,4
321,14.124567191566552,16.926244772834238,6
322,14.665725572686846,14.973887701053792,6
323,19.179490878848075,11.189226828646532,6
324,25.97170367382627,2.5738458200528402,4
325,-3.2273037337442783,-11.345999099284121,9
326,11.391301334445505,-20.40996879927965,1
327,5.328823710692543,1.0857620711065081,5
328,1.983210427096971,20.726375353671063,0
329,-6.9189076442129025,-13.629197164475457,9
330,-5.5028940972707705,2.772705777207512,5
331,-15.541716128646815,-7.825538239084528,2
332,-4.804952949356577,4.520714688633899,8
333,-15.043261306900659,-3.7416985154546887,2
334,3.4396928153766684,24.579952186578613,0
335,0.5224917347506898,17.995229218503777,0
336,8.279251012176523,-25.34502809298094,1
337,2.6392872159296386,-14.252632957925078,7
338,20.556018922698403,5.268878511176316,6
339,-20.468076787606524,-0.5815483993544398,3
340,-16.021059983898862,-6.286006493920109,2
341,6.876248786835144,-20.61738208524512,1
342,0.9626834243254634,-14.203653583908517,7
343,26.413626746240034,-4.164946914458331,4
344,13.956913838515169,16.807825737639877,6
345,-25.22214065533168,-2.725435785266489,3
346,10.927025090215889,-23.101910999004478,1
347,-15.983313943980734,-2.731548244765769,3
348,-7.2348100676647,-6.070590160052952,9
349,10.129732372891125,-20.73681440824152,1
350,-1.9752125517324797,-17.41000203929488,7
351,17.3461651527962,11.244051400765455,6
352,1.940983487473163,-4.446142805134091,8
353,30.39898220724225,7.809739200590649,4
354,-10.43178690340816,1.0471171976800642,3
355,3.4675042873295365,-25.255938837831323,1
356,20.69319634315157,-6.389241369756963,4
357,1.1894075408650806,20.313449050341145,0
358,-10.211678046972073,11.6434014239647,5
359,-22.36627773959076,3.872305734902522,3
360,17.11107960134199,17.604546769958844,6
361,-7.8898987156582345,-13.308663098112886,9
362,14.958510038714849,15.661008125953863,6
363,15.206663353015605,-12.600829265031246,1
364,4.368951361431427,-17.017374792861172,7
365,-7.864691489905938,-1.297671115011658,5
366,29.467782747484563,9.379365544612872,4
367,28.09618558145102,-0.7073501681371653,4
368,0.14635996969222695,-15.997469519651027,7
369,-13.71137824175055,-5.0578981836373735,2
370,-7.0340227895508995,1.1465399381724408,8
371,-11.438992895759748,-6.757301771209535,2
372,-12.937685143036212,-11.098368507812987,2
373,-13.463381939633816,11.424533732147701,5
374,5.177523505123554,-11.913568745815892,7
375,0.8101199205972478,-0.9831371531484879,9
376,-2.1910133613210863,-13.934993675909755,5
377,28.85278175452727,1.6754690554874059,4
378,-6.873205755120722,8.282637336392348,8
379,-4.929897669863879,1.7271452636126747,8
380,26.837514145874724,-1.2303377266531166,4
381,2.29489201914763,7.5884054593082935,9
382,2.478180858654366,24.063211105221146,0
383,3.4197982298366063,-11.9576190914393,8
384,-0.09831329859509567,-8.264482371464643,9
385,-23.69415046249989,-1.8253650025762556,3
386,-5.279174756950393,25.002060095156633,0
387,-6.06287677176383,2.4267697008353672,1
388,-7.6437862161822405,-11.210670491460721,2
389,-21.291472708817192,1.754867395798639,3
390,17.781203029318025,-3.771482087299334,4
391,-10.188683505483372,-2.934919766246308,5
392,20.82393921059942,10.94662000748266,6
393,2.554742389976673,-8.56238542627788,7
394,0.1368040045935267,-1.0727077284842892,8
395,-19.393360800668816,9.699609613190466,9
396,-0.7938797564572174,24.945676065268387,0
397,2.507375360596462,-10.458241126353462,1
398,-7.153662584517459,-1.8928076841273482,2
399,-17.37700890925029,8.306798282880994,3
400,21.98585455594258,-9.723372331512014,4
401,-1.5234374263357506,-8.056542128588971,5
402,14.064811707578507,8.069073933916298,6
403,3.375527332900655,-5.469842969103335,7
404,-3.764667700440833,-8.223712924874555,8
405,-13.670277718366961,11.02644128916571,9
406,4.540167929641881,24.03580011819018,0
407,4.500377264269832,-8.464732261576188,1
408,-6.066591247519423,-5.919956076498625,2
409,-9.297901111619757,13.632880729824748,3
410,22.099855416971256,-8.115491582155858,4
411,-0.43224411714297933,-5.936113144846195,5
412,16.155830574247982,10.169817958316123,6
413,6.249955782913138,-4.7004277460211465,7
414,5.089397784045123,6.873426268682108,8
415,-14.629186599420935,11.35588370816507,9
416,7.510541239861253,16.989855003884454,0
417,-10.659160839541478,10.801317111821849,9
418,-15.222851505654388,1.1338140385979987,5
419,-3.4547365308460236,0.5000136480631887,5
420,10.030238890626842,11.123881653271146,6
421,-12.271883714204497,5.254432124361937,5
422,-2.664021605571253,22.564551882197488,0
423,-13.239899587782912,10.225288293166107,9
424,-4.829475362354373,1.5331156971398154,8
425,-20.69490058887165,11.771690442166882,9
426,-5.494204284257639,-1.8603094504146147,8
427,19.184671562758407,-6.366942950960223,4
428,-1.3050733464947954,-3.4232841592152767,1
429,7.198325932660727,-1.9155190496407049,7
430,-4.353576585277499,-16.598498512842298,7
431,-20.665729677390324,6.61710702086831,3
432,-1.569219562612231,-4.43166340333305,5
433,1.5099952032385786,-7.786781637339646,1
434,2.805450553154543,26.521492142898303,0
435,5.3654135249110855,21.464745736429084,0
436,-10.397303334606931,-6.2173445612262555,2
437,-11.645981140719698,-8.534247948515224,2
438,2.5306821296849176,-7.1081772923212805,7
439,-7.016318514912901,2.6232263145431065,8
440,-12.461335592267089,-5.138011442449048,2
441,-5.404005479105945,26.155449033328097,0
442,-0.2519723749776252,-3.3564920082659344,1
443,-11.763067757222432,-1.9711808660405525,2
444,11.158537163099744,7.333531416482578,6
445,-14.185286465287136,4.547356815574149,3
446,-11.3897101394231,9.719247288544453,3
447,6.175889724322672,-0.6414293127599092,7
448,-13.914954564218235,9.67999679100887,3
449,-12.832920651578432,9.177289313729355,3
450,22.578035058444826,-4.811066290863939,4
451,19.39627172881109,12.775867666066073,6
452,16.821679828039688,8.039887190788916,6
453,17.59520882604297,11.9141823492979,6
454,20.216326748448914,-6.1419046346040815,4
455,-21.103559676460424,10.883841532534403,9
456,-0.474414519373076,-8.07488841119843,1
457,-5.327301090857691,6.144277737735181,5
458,2.171363296703412,18.847614137623538,0
459,-11.949693821523015,7.03738688830974,9
460,-5.7853045243847845,0.20294520040161015,5
461,-5.583918327419035,-9.900939243194292,2
462,-6.838080454118982,-3.5238693230901657,8
463,-9.01175338671868,-8.393194168041969,2
464,-0.9043820837592458,23.848286919486323,0
465,0.08873415373648787,27.07830944972758,0
466,6.424804478043131,-12.737920975121884,1
467,8.836522886724136,0.6879794863211735,7
468,21.069030090383976,9.396819855227818,6
469,-13.562030439459663,8.265486521902854,3
470,-6.030817891565225,-2.8786674135577086,2
471,12.662281197959404,-12.083170217877617,1
472,-5.281874187596274,-14.130116353797414,7
473,17.350018215753703,1.0558673331475155,4
474,13.585229189333495,10.931202807502313,6
475,-12.816983289688624,8.026912875999141,3
476,-0.3425670131584652,-10.613685345837082,1
477,-15.961298526486042,3.8490448381056623,3
478,-11.805019035635592,8.904755777032344,9
479,1.4090822001611905,-11.217016881379699,1
480,-1.5471373796633332,-2.286943213231111,7
481,12.781671360676318,13.257776800033508,6
482,-2.2974626399548694,9.164690593339461,8
483,21.29484350236344,-4.468390788283504,4
484,-15.175835653946782,3.4352853712771076,3
485,1.3173391420858336,-5.846146246004285,1
486,20.78778124458928,-7.135620123114109,4
487,2.8633136649187434,22.433820292672976,0
488,-7.048847244784025,-3.1494922501274463,5
489,-12.04468292655331,6.382666731292433,3
490,20.86314137327498,11.227866150410433,6
491,-6.596957706668685,10.800513371625271,9
492,21.135839454116024,-3.91334783191356,6
493,2.271950377567997,-3.6367146051514276,1
494,4.825387784746167,-6.231757795542938,7
495,-5.026169158506858,-2.0666299277499127,5
496,14.941160911731117,-3.369116138175636,4
497,21.57668072850564,-4.090911684996011,4
498,2.872955661213209,-2.3173505086792066,7
499,-6.508726627971589,-4.130007028896526,2
500,-1.4785884898254351,8.146612235274272,8
501,-11.141192906007547,-6.834042710354094,2
502,3.070547762531646,-9.821665882846192,2
503,0.4983712168197657,-9.889736805743437,5
504,-1.3899061157227823,-11.22181066132325,7
505,-11.07724375494628,13.289054440001697,9
506,8.451992536308378,-1.3860748105987268,5
507,20.315654341532557,-1.850764658588866,4
508,-2.529117689586871,-4.043932814643472,8
509,0.6017292356607725,-9.411150207861299,8
510,19.01432800202388,-9.495098706727688,4
511,-12.838802606239405,9.456282831919872,9
512,0.6090189609167425,22.32956071492913,0
513,-5.925323370284448,8.747882736045456,8
514,-14.734764809715847,12.654188146519992,9
515,-7.940901699317866,-2.2537094004670215,8
516,-3.522751443664911,24.005357047081926,0
517,-0.8775277238752147,-5.64551184963073,1
518,-3.118382454500124,-3.817276251270279,2
519,-13.994170004817379,13.455813485784924,3
520,19.36766369839406,-6.4292520081094064,4
521,-1.9581670280500625,6.277574973533839,5
522,13.997305236172531,12.264682457038623,6
523,-5.8349727652889145,-18.471901962798956,7
524,3.5528519650279526,-7.979545957527435,8
525,-7.9510100058261095,9.951126198081308,9
526,0.12978475077279286,21.946627579283017,0
527,-0.21749736694251784,-4.000379000158654,1
528,-5.1436316247671705,-7.464010208609793,2
529,-19.229028585136614,6.43202927036274,3
530,11.841133388737534,-7.642672300662123,4
531,-9.996502178600513,14.464174503622358,5
532,12.621626483588235,14.614155055358234,6
533,-7.220512077802189,-22.22951125890338,7
534,3.84151213441145,-2.8594960425050617,8
535,-8.672606907764093,14.06120735874075,9
536,-6.469143732514401,18.30378992712775,0
537,1.6177886908020442,-6.445077238125171,1
538,-8.189213695110487,-3.0034694070666106,2
539,-12.070663717872968,2.2800245284337777,3
540,22.316514964348546,-1.3325730544436947,4
541,-13.645547940052339,10.911885635310513,5
542,13.096384950516889,17.26208804103793,6
543,-2.4598941374084617,-16.00114753884761,7
544,-3.826818925222777,-2.179447915276587,8
545,-13.67444713478249,9.329873560484184,9
546,0.2075777977493652,22.184875486002042,0
547,-6.091101296204818,-4.818586167513794,9
548,-11.891834276109014,2.3213934986170566,5
549,-11.298546928306301,14.407367464527372,5
550,14.07750798314642,11.727287594010992,6
551,-11.530672024871139,11.774179459325374,5
552,-6.239574703577811,23.16427602564068,0
553,-19.445879265567335,12.57032242761982,9
554,6.016915564761333,-1.624002779231738,8
555,-8.37687447754892,6.1985503154018,9
556,0.3265324150719211,-5.744999384341116,8
557,19.172637100854647,-2.814609644540124,4
558,7.415180167455138,-3.63513175052532,1
559,3.773950791950693,-16.611094280531105,7
560,-4.313773771689093,-20.186235026386164,7
561,-17.9057621057825,5.678322547805518,3
562,-13.30955454795447,12.155659216021062,5
563,11.960663592861613,-2.8161434980210234,1
564,-2.509391028033092,24.687395402886033,0
565,-4.973206304836256,29.18590979114325,0
566,-10.328480192016876,-8.2260182242671,2
567,-4.988175447441436,-5.277125608605035,2
568,-5.744005577127971,-16.63853059235068,7
569,3.217887878661552,0.23374259299975747,8
570,-12.705561657391971,-5.45795501895276,2
571,3.65213619839257,21.209618304701454,0
572,9.68022070937047,-2.9283324014941448,1
573,-6.287021892568531,-5.748770130793738,2
574,12.961412383704438,8.218193335713783,6
575,-15.09926408750239,7.956513616540925,3
576,-19.610643096731074,10.279029298916758,3
577,-1.3909037697953706,-19.313625470614046,7
578,-10.962091420195193,7.777281848653686,3
579,-11.77080244561192,6.719933298230112,3
580,24.73858959642498,-2.535335520510123,4
581,12.772941523818158,15.168502262794926,6
582,18.359681691505955,12.398847623979538,6
583,12.480026855271833,16.084393256218878,6
584,14.666469076654117,-9.159101692164473,4
585,-13.998568054813692,13.979504125375362,9
586,12.102823764869767,-1.1026599555280456,1
587,-8.406586513748703,7.44349022931085,5
588,1.7171263384548647,18.90428697994008,0
589,-19.13839485872507,10.210065378713058,9
590,-7.968525893707251,13.547149513355958,5
591,-10.528427197950348,-4.200106789483347,2
592,1.0524927241181914,-1.1785633284434673,8
593,-12.952617382539055,-2.8633471796828265,2
594,-8.63190693557959,18.054752226227865,0
595,-1.7290500967423614,20.16814477623341,0
596,8.263322632036983,-5.304849844985318,1
597,-5.482643145547219,-20.9311156781152,7
598,14.414350587817083,12.416708280184855,6
599,-14.220940514812614,5.802122508244053,3
600,-3.24112782171898,-0.1499371144902655,2
601,4.967378270904818,-4.730501977898712,1
602,-2.092491771837586,-20.90011357435759,7
603,16.851207877006953,-6.483912441981593,4
604,17.712345530840157,6.1099618793880675,6
605,-9.376835925149608,1.2170616312882703,3
606,8.945267608088265,-1.759750490194133,1
607,-8.245635813775491,4.515103586510671,3
608,-10.220626509942083,14.702921709251747,9
609,0.4301594209003977,-9.296044176223115,1
610,2.6831553898266627,-19.362925256588053,7
611,16.353837890988576,14.408600510084861,6
612,2.344743987912773,-6.219028603708135,8
613,18.55112879130919,-2.0420363052213655,4
614,-19.45802476617167,4.31600261017821,3
615,7.914203757716529,-11.53918852377396,1
616,19.82740131539791,-3.5610960579257416,4
617,-8.718103935027202,19.221152134487276,0
618,-11.476498237203643,17.152988636714692,5
619,-16.9613325905662,6.479512465146786,3
620,17.492664108696243,12.609138576946739,6
621,-9.192675117163416,11.313119228451686,9
622,14.496016450309206,13.93148555901385,6
623,-0.20412141946251333,-6.257529742746502,1
624,-4.633902637806833,-20.408692782427405,7
625,-10.616557914871596,6.56763743172368,5
626,15.656797913947097,0.23669634100992404,4
627,24.392676401222328,-0.8280989585942158,4
628,-2.96350220446921,-17.468223010679324,7
629,-7.643407321238584,-8.760666144398112,2
630,6.5186367791329145,-2.3785390328527476,8
631,-18.968319712838575,-9.235874692575788,2
632,-7.412573297815228,-5.106361051436234,2
633,-1.8210132108490018,2.5548764615858772,5
634,-6.376995606245167,-22.21708906134912,7
635,-20.816304427037192,12.347139450435119,9
636,-12.216997295761281,13.227068763712015,5
637,12.40986544666808,-6.248279655572365,4
638,2.0985860009294766,-1.5506745616398492,8
639,3.6509506302530026,-10.38348794346706,8
640,15.05762099685416,-4.3317971035304845,4
641,-18.438686404905337,16.364801032994148,9
642,-2.9436997546625006,24.661557187685876,0
643,2.4302102780762076,-6.714747979620371,8
644,-13.78665670421356,11.448616386539792,9
645,5.715086401861799,-6.560922716666047,8
646,3.1185987921968,23.415611947340143,0
647,10.297998403078386,-26.089219119029,1
648,-11.267828496594158,-5.606878536955125,2
649,-15.865653392159548,-1.4491013333888432,3
650,23.2641545796845,-10.444186083410434,4
651,4.449157285810405,1.6154031124264887,5
652,16.789292669576273,12.707912140045993,6
653,-1.5776132317821694,-17.667421063077892,7
654,-5.899130270727712,1.219358944886427,8
655,2.3677840219422066,2.5427536304022933,9
656,-0.907149506406276,11.523463300326764,0
657,13.701164446021428,-16.001376962364237,1
658,-10.574568564147413,-2.9335201437376854,2
659,-18.632623650017372,7.778092073004597,3
660,27.161914664881078,-9.28411373948954,4
661,2.475995563796937,0.2616478245398608,5
662,19.302375945522513,13.877986316676349,6
663,2.1292652259081972,-18.913566493829205,7
664,-1.2591914303877942,3.8123763416845224,8
665,7.594374478318564,1.6370325431285229,9
666,7.547971325492969,21.127308435770683,0
667,18.141470922626837,-11.142487480331145,1
668,-14.466212233857345,-2.791413556047118,2
669,-14.602522540507769,-3.2545635428596054,3
670,17.064878136619473,-3.7114906043345943,4
671,0.7786502301260227,-2.684684137946018,5
672,17.31819706213805,13.773996008862394,6
673,4.019834499386863,-12.867676756014601,7
674,-3.2391460222949044,3.4862474812939612,8
675,1.7399338664079798,7.267274036605326,9
676,4.943655256026039,19.345677520211186,0
677,10.317478753802511,3.058995876099057,9
678,18.234161222615043,3.158061937564428,5
679,6.300958605949179,-13.627402521034101,5
680,20.269934630681014,18.19290110212776,6
681,8.413367829428793,-8.104702547558954,5
682,-0.05628240727395144,25.007105129585547,0
683,0.9894611620506705,-4.46012573127446,9
684,-3.6254607509469214,-2.5337775428530613,8
685,8.4757288232808,1.2878962744798164,9
686,-3.6848848120895745,0.10035974030514949,8
687,18.36071780603758,-10.618786013751727,4
688,10.249283395160449,-22.21039350228835,1
689,14.607364242174185,-7.226100579683864,7
690,7.97682487427945,-8.368957050878274,7
691,-11.733697420865536,6.719626116136984,3
692,4.42118240284277,-9.67789735398627,5
693,10.372962987009831,-19.541106790315435,1
694,7.6943115385563825,22.41185758532332,0
695,-0.039374961618454614,13.201565238744768,0
696,-15.08775779447929,-5.898980925288568,2
697,-10.968484603291584,-8.19872302176877,2
698,4.126526843031498,-16.21283728107927,7
699,-0.5287982178876982,-6.227600431251818,8
700,-10.099998516859465,-8.453600829472052,2
701,14.567044452372562,9.410315420723503,0
702,0.5666636832221555,-24.20569267431885,1
703,-9.733889947042208,-3.0912359084394945,2
704,11.85574014338999,18.115207218934113,6
705,-24.383950863703976,6.56343644970658,3
706,-21.915915867262186,-0.0951044665268619,3
707,0.5618601259282856,-17.03999014863856,7
708,-24.33857139699438,6.37557473219633,3
709,-23.37771458494694,-4.103281560722321,3
710,15.726871916992913,-5.908780409045249,4
711,15.433600406818885,14.769043599533678,6
712,17.53595783943943,8.709106173208191,6
713,15.198621989224577,15.790976965635556,6
714,22.35939039565749,-6.695389346297182,4
715,5.303638478176255,-0.30180386674803,9
716,15.147849970827254,-14.172038352673297,1
717,9.72420864640272,6.001001100970283,5
718,8.412765154363099,20.04904004150624,0
719,5.218803281167647,-3.0909137574835235,9
720,11.512806044643277,1.843329982263785,5
721,-13.594589917787923,-9.861084889570932,2
722,-3.3919625487352354,1.782332741111639,8
723,-6.125010530182269,-5.6038511401961015,2
724,5.753319736842369,17.81109737607252,0
725,3.877645161576899,23.166916384983658,0
726,0.6597189811377255,-26.31028232509448,1
727,3.782668600810542,-13.539420450794935,7
728,17.945948346050272,15.647924614037239,6
729,-20.919599960327755,2.1806420265769026,3
730,-9.760407026682477,1.3671322269215538,2
731,8.042470967638819,-14.935647820306265,1
732,9.77777293384356,-9.908225980101033,7
733,25.187302966801553,-6.7488628086344455,4
734,19.93713943466527,8.786829103804724,6
735,-21.280003929307124,4.757892859430902,3
736,9.890191268875219,-16.896431929257837,1
737,-5.155779730277983,-3.666622082172066,3
738,1.0422083517573737,2.5566373416515438,9
739,13.841670882221077,-18.47511420060799,1
740,7.7237592107426245,-14.598647422644614,7
741,15.201584325212053,16.863939853188075,6
742,0.3497113271303832,-8.656995885544742,8
743,19.526096936509465,-5.598110090680906,4
744,-9.664773396768851,-0.16843917896856334,3
745,14.797785540036653,-17.532595859869428,1
746,7.758854449723285,-11.811889253490861,4
747,4.218129645065732,22.603582042303593,0
748,-3.6455082676366093,6.84143728519416,5
749,-16.82206903875821,-8.985143399309221,3
750,23.09455270989215,10.525179616458109,6
751,9.83978612085701,-2.7725525538104434,9
752,18.23404575009611,8.139363648355276,6
753,10.738372151145372,-22.23580447086797,1
754,5.7114149239161485,-12.492238735979242,7
755,0.9809667651553778,-11.11306275610335,5
756,14.952221790179532,-0.671240863165807,4
757,15.996895736943323,-9.867455769377436,4
758,12.698175865393805,-8.231954398315686,7
759,-13.838818063879959,-9.818520895817553,2
760,10.127257270785076,-9.45169863068534,8
761,-13.315699411400734,-7.428717936885608,2
762,-12.396135584749215,-8.590927850724817,2
763,7.861230832958502,-8.360558277470329,5
764,-2.3874816432352217,-19.877703253316053,7
765,9.205654418131076,-0.3494113743574721,9
766,3.84971720955015,-0.17597292972420345,5
767,23.40713615868731,2.567513603399854,4
768,-2.679763304335333,4.838227600197568,8
769,7.233964812565338,-4.732024182240397,8
770,13.811296048094487,-11.331205089052231,4
771,1.6163147242799667,3.613344121826628,9
772,3.3655301567574316,17.28677984972948,0
773,-0.998608877584777,4.703838446196805,8
774,8.342527745046723,-11.087425710281883,9
775,3.5474586364036425,-3.605366816349064,8
776,-3.2613399358355637,19.707260443643808,0
777,2.5065755962660408,-26.787523594931493,1
778,-11.554556553680435,-8.667834302517848,2
779,-5.389722296181319,2.0046835967611436,3
780,28.222184059851205,3.122627516225663,4
781,-3.8162092500700275,-19.82452630391565,5
782,9.084632172805888,21.021051936798745,6
783,-2.342496751466919,-16.213853592998504,7
784,4.304373317256945,0.9682193497707793,8
785,-19.501842850623103,13.921473162071441,9
786,-4.089322077825289,26.520156413884358,0
787,-2.5136718976232335,-20.44309629375603,1
788,-13.536327520700256,-9.744011090428689,2
789,-21.080188356248613,-1.6311307779611621,3
790,29.812845280978745,-4.172382364480012,4
791,-1.4714170140530722,-8.183438819177969,5
792,8.06306966513732,19.788440230207176,6
793,-2.887584527620721,-21.299050292876796,7
794,8.312680631065591,-3.8298729678867427,8
795,-8.890811464886664,14.895735178320791,9
796,4.266380181436261,18.07187150419546,0
797,4.1928105226378865,-26.27548622466385,1
798,-9.860575105425207,-4.880799257854868,2
799,-22.16736664669003,1.7336314657585499,3
800,25.744027453848574,2.4733366460453827,4
801,-1.3471712309461579,-10.507403557537103,5
802,14.569601643653236,11.39047391733425,6
803,-6.827539726873789,-22.78197301528687,7
804,10.31781119500024,-8.001403991879751,8
805,-11.335960132661235,13.611444866064538,9
806,3.933783628209629,25.2771779366774,0
807,-16.513935595153114,15.515796543483134,9
808,-7.8126678444787485,-21.753669409712906,5
809,8.227731510057634,-12.302454896307268,5
810,11.16700608935759,18.48999393162639,6
811,-4.474593906604234,-21.521243167590416,5
812,3.5708687044356,23.550166620838468,0
813,-11.048377259169852,9.119138327578126,9
814,-5.758095612349485,1.4352484012527742,8
815,-17.702799172193235,14.583554449498486,9
816,-5.560025908856374,3.3104057223500027,8
817,28.953243011613107,3.141182554666676,4
818,12.400141853599465,-9.466064003337411,1
819,-8.153810725142263,-18.07443362149362,7
820,-3.1388029637516763,-17.06025651843739,7
821,-20.489074870137824,0.22733381010181478,3
822,-1.296085986717328,-16.41995827398304,5
823,7.536071139961554,-18.941427397770568,1
824,1.8025353647972613,17.804056532469083,0
825,5.363686787962467,17.28196159881387,0
826,-12.577890188080053,-11.876345247444524,2
827,-0.17122295944174878,5.945073959584498,2
828,2.804613136254021,-16.46069729441309,7
829,0.9756537033239407,5.0165318222411495,8
830,-9.38320828347681,-6.7221797062321285,2
831,3.658460017536005,21.723552964317797,0
832,-0.03238313226459759,-3.0312020815469585,1
833,-7.422844845361365,-8.842310132992573,2
834,20.479029463748503,6.267164222980727,6
835,-13.84367237771867,-6.594625483213142,3
836,-12.337260772521804,-5.797090560998621,3
837,-7.399617907502256,-20.607321309789388,7
838,-18.686027756368258,-1.5496522893726725,3
839,-16.321004744374267,-7.0364726605450025,3
840,26.977212495112337,-0.9095985790169755,4
841,19.680266246258473,12.763798386452656,6
842,13.873021188166934,15.07416292999709,6
843,11.250623846009397,17.27333782389073,6
844,28.859793006853653,-0.722675963380431,4
845,-16.603947611658143,16.67145264301795,9
846,0.837040106659748,-21.5063878926238,1
847,-2.992471574989901,-13.492459243714263,5
848,6.742914179232183,22.409251883280067,0
849,-12.514982413417718,11.08296025459142,9
850,-3.715374845796229,-17.091850567992932,5
851,-3.7941373826449163,-3.8388294315320146,2
852,-6.117851777567126,-6.8605584310443755,8
853,-3.1673186020148014,-1.9672270763509023,2
854,11.652402994709826,13.132637135249997,0
855,-5.140187376984351,21.253192113828607,0
856,11.0096744649138,-12.80313051766979,1
857,-5.2458607326366025,-18.700574879745552,7
858,19.00208000605675,18.395649363133696,6
859,-21.409405904554248,-0.46972561265496654,3
860,-11.793591094996318,-12.31380665318551,2
861,9.327473229632247,-19.696963781874317,1
862,0.7988233736845274,-17.359182361268584,7
863,25.292663258068202,13.649769851076936,4
864,11.082454552200256,17.440850339454386,6
865,-19.175762457191297,-0.8971489732544395,3
866,10.334025705253694,-25.29799836650805,1
867,-21.471350226995078,1.2281417878873342,3
868,-12.606898142396922,8.238092884347575,9
869,9.012535027990944,-22.50692154890603,1
870,-1.1998038494495935,-21.257690900565134,7
871,13.278587580324727,17.02645525190651,6
872,2.0012753957723537,-3.6645047854818986,8
873,25.413784284801697,2.3459279003455973,4
874,-13.94761268556132,1.6352724016818334,3
875,5.724888340401657,-26.025093975212368,1
876,25.676481224728093,4.368070561397657,4
877,-2.867728948950435,22.759846571466774,0
878,-4.254120246022112,-14.6070650129807,5
879,-17.4259425707272,-1.7228663410363474,3
880,18.839069133507216,2.3650316454924014,6
881,-16.92607421805028,12.731669640419318,9
882,17.413248278901225,16.20322201626179,6
883,6.217240516458606,-26.120057722226424,1
884,-0.00787042492152883,-18.591942033123626,7
885,1.668894403512566,-12.001263714875455,5
886,27.270530643248293,-0.5560964005728026,4
887,28.756965907569068,-0.36060305236930273,4
888,-2.3131834358513506,-19.23770058518782,7
889,-4.094115592435493,-2.7638363383815276,2
890,-1.5949299667599424,-5.491403563242984,8
891,-7.391741061220233,-6.96333058797653,2
892,-13.426781428478042,-5.296584444515173,2
893,-9.299931313395001,-15.06026615037196,5
894,-7.84026867646852,-20.161966810714507,7
895,-14.796538151493024,13.823051832340148,9
896,-2.1112333713816978,-12.943569515952348,5
897,29.557567661186283,3.9304002455295857,4
898,-1.71807907097324,-3.5362241263767973,8
899,0.15382285483423144,7.706172979166736,8
900,26.43155050099914,9.504654254919432,4
901,-11.468716685710364,16.041787270823583,9
902,6.788868790348827,20.916841395416782,0
903,1.043662448312503,-4.349841407659504,8
904,-20.86111574916752,12.020265354224627,9
905,10.424773014434988,-6.834306059105381,8
906,2.9049935326683607,-5.780297917796922,1
907,-12.272588525199028,-11.283524754115412,2
908,-19.258724401521253,9.030460490528853,3
909,28.227628418681796,9.628071666022501,4
910,-9.445688662919562,3.472740720278241,5
911,12.52907467300183,17.74789108271633,6
912,5.179903077182062,-8.546858032198154,7
913,-8.953978439572868,5.007213393441532,8
914,-19.545705585099853,10.886699372694403,9
915,-3.6392051091053315,24.94510979590029,0
916,-1.8835250998751236,-7.002631025653202,1
917,-7.053442598290013,1.0973283155984297,2
918,-17.9720171697534,7.822440058133562,3
919,28.76329370311612,6.9317674072621696,4
920,-13.141610983617323,13.57765101478396,5
921,15.769615329477805,17.16465528834706,6
922,-3.109415708658526,-13.92537348142286,7
923,-9.526219653425702,0.8759660879247392,8
924,-20.105947524213242,13.92813133661424,9
925,-4.437596237582139,22.739008613225426,0
926,7.751540603416921,-5.236378687405233,1
927,-15.940643467045644,-11.071431614627752,2
928,-20.211817896418093,6.103366760510286,3
929,20.4320560645717,5.50658801528177,4
930,-13.170187122507544,13.605823581032247,5
931,10.329918461552634,15.977350411420279,6
932,0.336701053680334,-13.093898890756183,7
933,-7.196981476771731,3.904235148383341,8
934,-21.80270536213128,8.929593979894216,9
935,0.6782108051359171,24.46740226209751,0
936,-24.94729585386264,13.18269150947752,9
937,-15.065681364748723,16.84625083808723,5
938,-13.830506731087048,12.693738821027184,5
939,15.311993185117498,16.45877485864227,6
940,-15.870823015070602,14.98652251267438,5
941,-6.436955274856031,22.79071897967004,0
942,-17.734549272187483,14.970397001555252,9
943,-11.398777632861814,5.161201521314161,8
944,-21.22012219634261,14.260819817849839,9
945,-6.497904338785951,-1.7228244860750526,8
946,22.699892342226885,3.641176228168873,4
947,-7.893973982851894,0.9697210377405843,1
948,3.5243688788527434,-14.776203683630106,7
949,2.806768365606992,-12.75038318486086,7
950,-14.383119865636088,6.484423857808187,3
951,-14.666633288467139,17.849518834862515,5
952,-5.195744849679198,2.492722429763072,1
953,-14.022801079101109,-13.631211441930123,2
954,2.41032233594166,-12.66706569369651,7
955,-11.536336208523203,3.837101428637659,8
956,-13.131087251377918,-5.998001745383292,2
957,-4.593433718899675,22.96091353841635,0
958,-0.29272172909311767,-0.09592702616377292,1
959,-11.248324861673023,-10.808387880785698,2
960,9.66784563420269,17.1202412932435,6
961,-20.07989959173506,4.541712828822504,3
962,-19.649401236115956,8.10001426610364,3
963,0.5602924259542688,-14.026622101349126,7
964,-13.925381629382887,10.811271457361995,3
965,-17.072452756965323,12.494647209952475,3
966,16.780277061009045,6.694961969206366,4
967,17.429587444562323,16.01150434759079,6
968,14.007427589181846,15.703892910261443,6
969,13.241280893720846,15.124192183523094,6
970,19.88952857826675,-0.14466293169038655,4
971,-18.313230295825786,10.680462359047706,9
972,-5.08344424669795,-3.493729402177625,1
973,-14.35920848889897,11.30669357217799,5
974,-10.297383715457864,24.077775187636835,0
975,-21.044798037181558,10.018589826501534,9
976,-14.880141386433284,14.459633860077714,5
977,-16.30085376614411,-3.589477218585543,2
978,-8.743574583806158,6.152349679094433,8
979,-12.12735188071397,-10.501759883372873,2
980,-6.9935521951063375,19.81779164078339,0
981,-7.1924594718171315,23.954150758499438,0
982,-2.523588036346136,-2.35649257164214,1
983,-2.5643573784864198,-17.736462340319747,7
984,10.636221157230066,16.596478483459265,6
985,-7.906556146347023,14.159898448461758,3
986,-11.967600625091041,-11.248587387677695,2
987,3.7820926822508345,-4.558349001124277,1
988,21.653371542612543,14.012920774765668,4
989,19.927230131022675,8.222092966966349,6
990,-21.63355446565106,8.552828332762397,3
991,-1.9651026597511512,-5.457178145808933,1
992,-12.770170026964587,10.263708840456456,3
993,-13.749682780551726,14.181324615967172,9
994,-2.2043058272570217,-5.853020890801765,1
995,5.356477655881615,-14.121163960874016,7
996,16.55849391425809,11.851757620603754,6
997,-6.42761966324446,4.911540438554901,8
998,13.676391907143989,6.693529224491155,4
999,-17.156415359673698,4.154848011803754,3
1000,-3.932844310263429,-1.4295714464463964,1
1001,22.45205896206031,-1.4764528858780916,4
1002,-4.140716988201729,23.009597653156785,0
1003,-12.295948660140592,3.6754469105728864,5
1004,-17.40818611077023,12.168303068230788,3
1005,15.676739687034194,16.124556314314034,6
1006,-22.68682583595794,14.439854499289254,9
1007,15.906464306127917,16.54509747385193,6
1008,-0.3725094852997973,-0.9034745530784395,1
1009,3.260365566436058,-12.337378734977081,7
1010,-13.786046244692086,16.485210358724594,5
1011,27.23663838983355,3.135349734801883,4
1012,20.532312453238024,4.845376393375692,4
1013,-1.4534708077884433,-14.990384877075464,7
1014,-12.201851895715008,-5.974433870405944,2
1015,-7.81305926988347,7.408438420240677,8
1016,-11.20771018989404,-7.3100685641899315,2
1017,-13.636305546292956,-11.253551272137043,2
1018,-12.592224067597083,18.629293486845807,5
1019,1.2926740294924548,-14.239015458161955,7
1020,-17.64854650764282,16.203950109953848,9
1021,-16.833699997338947,12.766781933068296,5
1022,13.615761540543373,-3.8883752193475645,4
1023,24.44560279663691,-2.853931992857819,4
1024,-10.83474873642291,7.099122265042966,9
1025,-12.358243897552143,20.103207039236768,0
1026,-9.106999111705834,0.9737971823945659,8
1027,-21.184999156034078,10.50943320056437,9
1028,-11.758287326408986,4.7328111818409555,8
1029,1.0062353066727852,21.124798938246798,0
1030,6.543810561641329,-15.936493228296202,1
1031,-11.527637505109135,-4.253663648747582,2
1032,-23.13577000982698,5.440719002624798,3
1033,17.003635179800856,-1.85875703550916,4
1034,1.7436600819378982,-12.01377875906356,5
1035,12.785959743038473,16.635342911143123,6
1036,-5.359997969874308,-18.292161462772988,7
1037,1.5303687783246787,-3.9164993384544804,8
1038,-12.879030120663161,-0.9560724861513367,9
1039,3.75573649566377,26.311391622104647,0
1040,8.851552292867307,-17.00336248638103,1
1041,-8.671724348015362,-7.679678871878031,2
1042,-23.394707855897778,5.353397781181176,3
1043,14.48978419432619,1.0510500869702528,4
1044,-4.617948149984163,-10.564445717706523,5
1045,11.12172118162271,19.379996023715602,6
1046,-0.03664432454450956,-15.998431022635552,7
1047,-11.211000504519317,-15.329800939798366,8
1048,-10.903061617842797,7.6295189031890285,9
1049,2.1351336937184,22.895957800670686,0
1050,8.692889984317137,-24.761496315711025,1
1051,-15.186493069149032,-3.0689161244859284,2
1052,-24.583837075032797,3.2142178039170033,3
1053,21.257869200331754,1.0182954137401328,4
1054,-4.032781220700522,6.205047377360928,5
1055,17.2040648083674,12.427651370305835,6
1056,-1.2611142841762493,-14.464136559151303,7
1057,-8.307284993602678,0.709362134371582,8
1058,-12.29907990146666,7.380617743199969,9
1059,-2.8349949160868864,23.971421872760843,0
1060,-7.922650855690133,-0.14247217290919328,9
1061,3.3794850684240894,-4.789767299921328,5
1062,1.2611507306698697,-7.6692269999839455,5
1063,18.888784762699522,6.023155720010185,6
1064,9.148220011456985,-10.919219247982166,5
1065,7.120084270007416,25.65275298451041,0
1066,-13.058303529173092,6.921207643788331,9
1067,-4.517075558363332,-0.5764544026688758,8
1068,-8.55644634645869,4.9105324787693085,9
1069,-3.8354098004317043,-6.4894195281883915,8
1070,16.4745945766104,6.6590796846337685,4
1071,9.16138182542244,-19.75859089738352,1
1072,-4.963261822122387,-15.269589161445213,7
1073,-3.0282743114775386,-14.764673138533126,7
1074,-24.17690479190078,2.5861463833526033,3
1075,-6.651814128246216,-1.0024423297903384,5
1076,12.57016492090391,-22.273607411426383,1
1077,4.709831265853271,18.377206286835925,0
1078,0.2994516670850852,20.04498110222506,0
1079,-5.5506308214377755,-15.176885796681802,7
1080,-9.450644069555059,-17.40363218187989,8
1081,-15.504659555832873,-7.960259149475191,2
1082,-5.092038106189948,27.37714272464551,0
1083,17.157867578826885,-11.660825091160458,1
1084,-14.275644895846519,-5.139826455915967,2
1085,16.59246871988715,7.0928772214171065,6
1086,-31.16990476132879,8.2647100551758,3
1087,-28.403216436377168,3.178302418235576,3
1088,-3.8072067489194543,-19.754618335900712,7
1089,-28.85817967593599,7.508727326911687,3
1090,-28.833299951093572,4.405793204660524,3
1091,18.09637428859474,0.14747435930749667,4
1092,15.34499182535502,12.437230403062888,6
1093,17.282363888969602,8.042619696958749,6
1094,19.793231791929284,11.13560355878141,6
1095,5.105790691215863,-7.814781373562928,4
1096,-9.666004075989964,10.366224886164096,9
1097,6.917902376870639,-25.258567977613893,1
1098,3.773441639073721,0.8181388889333405,5
1099,-3.309132746038058,22.17013548528455,0
1100,-11.296239156545935,-4.463759243646467,9
1101,2.398739751127841,-12.637750447294852,5
1102,-12.999424374089523,-3.617477791804998,2
1103,-10.212177968857846,-2.419571171386954,8
1104,-19.14497644944428,-0.7605951581637146,2
1105,1.3966746738380875,28.033120489238982,0
1106,-0.683127813100375,30.092206940610332,0
1107,13.169634693223674,-19.22973026667797,1
1108,-4.513099294098335,-15.942558989840608,7
1109,23.701619950990764,7.619498863961093,6
1110,-24.80272697473156,4.76767728785843,3
1111,-16.82139036363704,-7.663511383453612,2
1112,5.1998402351091775,-23.76511529380206,1
1113,2.296098745661649,-15.305822171328854,7
1114,17.33760743228262,-1.4926400664203134,4
1115,17.746602039578644,12.007545314273319,6
1116,-27.876072326960916,4.252571096530599,3
1117,1.2502781864144303,-22.27544989140254,1
1118,-3.1951246307948646,-13.07916216693076,3
1119,-7.745797620669114,4.829804700879644,9
1120,7.968873967446566,-23.310567000875867,1
1121,1.45729727758457,-15.787048927076981,7
1122,13.626541867967818,12.120112346821305,6
1123,-6.421842505223404,-3.7735828523091226,8
1124,20.19453161290615,-6.286829266987675,4
1125,-27.079436988971636,6.015399375867551,3
1126,14.424342150263836,-15.635827010811534,1
1127,23.323079194783293,2.8974706051827863,4
1128,-0.7628073333100742,21.86921028680689,0
1129,1.3887321771920855,-2.2590147616372627,5
1130,-27.482940807928255,4.682481343738556,3
1131,19.404805361559617,7.992701628154404,6
1132,-19.52280589108353,9.336891477065214,9
1133,15.092813070334318,15.89098729359008,6
1134,11.640584623832561,-21.64856313123162,1
1135,-7.740576963580072,-19.549726473143316,7
1136,3.3776911173871484,11.430171450108185,5
1137,26.044891054012727,9.176247431005692,4
1138,14.353691391987862,3.2049664308705,4
1139,-2.1813132001554223,-14.924978308865482,7
1140,-15.260420420419003,-6.464771679062079,2
1141,-5.160621491126723,-9.980801437554982,8
1142,-6.0503559936311095,-9.694130402996345,2
1143,-9.124146638609155,-3.958753751115635,2
1144,1.99057226599293,-9.49919501134579,5
1145,-7.4207848732400965,-18.12051904574151,7
1146,-17.126214195509956,0.7098520085119657,9
1147,9.323212774287251,2.5724535757465943,5
1148,23.768435692869133,3.229535348040983,4
1149,-5.99487302541286,-5.448808126339608,8
1150,-8.508921998489532,-5.280650583795824,8
1151,17.57997530613735,-7.210305558920975,4
1152,-2.2890891254223007,2.4179858195235675,9
1153,-0.3558892426372912,26.167594027209045,0
1154,-0.39515619030354765,-11.840691684968958,8
1155,-17.40139721454001,-1.2157176362006368,9
1156,-4.34296622284094,-7.0032856895596876,8
1157,0.4016565537959643,22.687475595507596,0
1158,5.722827338341605,-14.598464855901602,1
1159,-12.200242402468097,-6.616349112283031,2
1160,-26.150028857999484,6.178781127225127,3
1161,26.762969596183126,1.8668024403216616,4
1162,-0.8220414013341009,14.199044288531493,5
1163,5.3805346558202825,19.6025392393092,6
1164,-7.031389297277228,-18.983472957030497,7
1165,-12.03701391811328,2.341946568868557,8
1166,-14.579212885897238,16.41529238013801,9
1167,2.3082956729224824,18.228902650152932,0
1168,6.179781876732133,-10.943810674129615,1
1169,-16.435857567756035,-12.43898928507774,2
1170,-25.342350511160678,1.8632657040518237,3
1171,27.292235124129512,9.036204314885989,4
1172,-5.575153525415194,11.014812266870964,5
1173,17.9125374269802,13.464703107616389,6
1174,-1.4078456618547708,-17.03241484805166,7
1175,0.03060081297120907,-8.904058757723032,8
1176,-17.06734077443926,10.177148580997327,9
1177,2.3534358893954326,17.621628390923956,0
1178,8.38450725905772,-15.601050016719562,1
1179,-18.046778583606205,-13.389501667087401,2
1180,-25.854344262234477,10.810944058951685,3
1181,21.017475427825087,1.0346359624014416,4
1182,-3.927005176338876,-10.723363115382968,5
1183,17.809041079732488,12.420583821650212,6
1184,-0.5697678000221081,-15.907760506731428,7
1185,-3.238281382975955,-16.0902822738953,8
1186,-6.536493550883018,12.62056869594287,9
1187,-0.9741826567854269,12.167150167893073,0
1188,-18.012813791463852,13.724347928512131,9
1189,-6.582566553131845,4.872532998584308,5
1190,-9.230195845522669,-10.306787503102292,5
1191,17.498242268796176,12.578730292827691,6
1192,-6.0150437949540265,-17.385108970429382,5
1193,2.9695173776851638,22.71450533670698,0
1194,-16.43354185930775,12.220063074856288,9
1195,-4.381188039070594,-7.941971564661729,8
1196,-17.98354193748479,11.478023765612864,9
1197,-3.163219653613712,-10.301326805119865,8
1198,27.99029724276981,10.210456043407332,4
1199,5.3460344317973405,-22.42694192771947,1
1200,-5.910491571774983,-16.713094303854884,7
1201,-6.025209916032581,-20.00758685054056,7
1202,-11.487969159570344,-26.054648634243485,3
1203,8.14635866709735,8.696129687308181,5
1204,4.90670268792158,-16.662814386412638,1
1205,-0.7710633453055935,22.859279883155285,0
1206,-0.3316464175913284,19.38970197343057,0
1207,-18.829688289939497,-11.241996741058044,2
1208,-15.36077355408831,-11.000796901378056,2
1209,-1.7574927152287607,-20.58578747126087,7
1210,-2.293671445963922,-13.50646081778489,8
1211,-12.98253646812562,-7.26418195588985,2
1212,0.5222998855859341,16.569570189454996,0
1213,6.963872178798951,-26.440567456657295,1
1214,-18.876510831589357,-9.166461471435227,2
1215,13.793382061069662,14.098324875532573,6
1216,-26.494878511358205,12.185230535155965,3
1217,-23.846688400630256,-5.613071835441702,3
1218,-4.32245176039258,-19.020570672210123,7
1219,-23.410399441165538,-2.7709980715549016,3
1220,-28.391558826211256,6.509051568700853,3
1221,26.16295215065425,12.670257325847594,4
1222,15.596475207426346,11.469196858391474,6
1223,19.015446556920047,12.04052661738246,6
1224,19.401874282297324,10.940340989034533,6
1225,27.361409571001612,3.7977853147746536,4
1226,-17.21948918859178,11.303359408823653,9
1227,10.002824436468284,-17.352270113790407,1
1228,8.035537524520917,-7.075967979823656,5
1229,2.744552638944034,13.721862473057316,0
1230,-14.434582047843183,8.558900564056014,9
1231,-6.228907971166373,7.739733986450723,5
1232,-19.870052423590842,-11.638705528410455,2
1233,-8.880073934138496,-16.22810416826973,8
1234,-17.087240748331496,-9.141157868775167,2
1235,-3.8145300211202904,11.776091376848672,0
1236,-3.446883477648115,17.156142542810336,0
1237,5.501889462137246,-26.843410842505353,1
1238,-7.951653469300843,-17.071076554761355,7
1239,13.507913421203568,12.77496709666096,6
1240,-23.65137645966092,-10.915834722436031,3
1241,-19.764848923804497,-7.331068058516665,2
1242,0.1242113782207173,-20.339048558256657,1
1243,-2.664578933900583,-16.99698314100311,7
1244,28.984704931986258,1.206021133015637,4
1245,15.258914658339481,11.097503146508597,6
1246,-22.98324405146388,-1.35052970133049,3
1247,10.77454234985915,-22.53822091772349,1
1248,-21.995088378625763,-0.21241622308675895,3
1249,-19.443676039917083,11.24568783405282,9
1250,12.415674889825803,-19.361083416641407,1
1251,-2.2403228863034386,-18.722690779854233,7
1252,17.175308461845173,9.556570635693467,6
1253,-10.50675821681105,-14.775108779264093,8
1254,27.79867688064283,6.522142753816421,4
1255,-23.191689246098097,0.9480872980973166,3
1256,14.61965992993044,-7.854256818371749,1
1257,29.51586601815906,6.809991216540694,4
1258,2.5746605584500446,19.23065240648753,0
1259,-3.3638142833241176,-9.669916153165246,5
1260,-23.280381734393877,-12.887459749059293,3
1261,15.39761422139521,13.86528315086823,6
1262,-22.318221013238833,10.985206394381594,9
1263,16.517510361181934,11.597982263094691,6
1264,13.48266707364455,-3.4364196724064153,1
1265,-8.872217804909672,-17.09059606021497,7
1266,-0.5445424148672406,-8.265111319744532,5
1267,23.88915213174588,6.135194429188454,4
1268,29.9770584678212,8.008171208120968,4
1269,-0.7588596583778059,-18.782272054047382,7
1270,-9.15482401189714,-0.39825116485723616,2
1271,-1.3532648425073153,-5.599846171540172,8
1272,-15.787143582973668,-6.111869527219308,2
1273,-21.90531959587373,-10.790406604025796,2
1274,4.834241606331104,-1.6244882131179506,5
1275,-7.518986990315951,-21.25468178400679,7
1276,-18.63205679851191,7.688308232845974,9
1277,-3.5929243871161605,-9.024291629472572,5
1278,28.12397403942479,9.994560503804658,4
1279,1.0021577598940659,-17.33419686737882,8
1280,-4.191919964883155,-12.911402035393817,8
1281,16.37316039509317,1.7568859329512692,4
1282,-23.353099425048008,13.525172909242404,9
1283,-2.6000388454323753,7.387072843462171,0
1284,-5.248745324711756,-17.636539485623494,8
1285,-12.108213534183273,8.859181186182308,9
1286,-4.557977559939993,-13.067930551489557,8
1287,3.13216603429228,24.09113666826472,0
1288,-1.6853595475468923,1.9928644798039832,1
1289,-10.983601229989835,-5.381762279235057,2
1290,-30.25583911644672,0.1491094705743584,3
1291,23.45942998047363,11.085010903888753,4
1292,-9.57207809189428,16.109875415706306,5
1293,9.36180698994116,0.9045251750656335,6
1294,-4.6160270592577985,-18.496837007817632,7
1295,2.730692525547391,-10.009893424783904,8
1296,-20.58836259913923,13.896079356509482,9
1297,8.278126513517211,24.38532846158704,0
1298,6.706794198564233,-17.121228805822177,1
1299,-8.546371709075189,0.14083007765286099,2
1300,-25.85082022766754,5.907635382695078,3
1301,20.530518754688483,17.857588765491265,4
1302,-12.55646807457206,6.134043867987707,5
1303,10.840978495444208,2.773235063477123,6
1304,-8.852998344348675,-17.232892251710396,7
1305,1.672715000407912,-13.345556582694362,8
1306,-21.333455100483953,11.624883424440892,9
1307,5.235429374096277,27.906320833463298,0
1308,-2.5931030454358255,7.193718489629231,1
1309,-10.113557951979292,-5.568448009790893,2
1310,-21.22827358262285,6.156919651975235,3
1311,18.371749355203843,7.268459103987991,4
1312,2.005153496229241,4.557763492727803,5
1313,10.994859733119402,8.737052252580131,6
1314,-12.692050007557233,-18.401100080862264,7
1315,2.821612519621997,-13.781622750349648,8
1316,-20.1587209855222,13.425153150679996,9
1317,-2.7651361546106545,28.985460358313013,0
1318,-19.347271211085904,13.02154566973615,9
1319,-4.9599779916538465,5.035722709307312,5
1320,1.3296876464755008,4.054990260093039,5
1321,11.985108970324617,8.99006449101271,6
1322,-6.084882405893895,-4.369965271710588,5
1323,9.34373019241177,13.64943880738641,0
1324,-14.121400829900525,11.246914762920214,9
1325,-1.5215009872242204,-14.960017022739768,8
1326,-11.741344522858961,11.056180193399047,9
1327,2.8180565101334842,-14.025575957672006,8
1328,24.54699812297785,12.457834881634538,4
1329,10.276529971355368,-23.554493200101923,1
1330,-9.11697574632498,-13.020165373526948,7
1331,-12.694692618411125,-16.017958277900128,7
1332,-26.625768919642233,4.971981099367398,3
1333,-4.092101831216562,6.485577426154998,5
1334,5.683443599244147,-26.882011359481847,1
1335,6.453963785693568,26.13882590763711,0
1336,6.497664776323389,25.287792747669435,0
1337,-17.75531154671013,-0.41094096651775713,2
1338,-15.160613109499812,8.479285883955992,2
1339,-10.049212537404541,-19.162309195113462,7
1340,-0.7543217368775913,-13.315104937565703,8
1341,-12.354259742853802,0.9207630644989048,2
1342,-0.645305655514921,24.616744587945348,0
1343,1.975889931533487,1.7092187750170313,1
1344,-15.168584519952935,1.6808092070687872,2
1345,16.84730682543389,11.890343695369866,6
1346,-18.117803234056172,-2.9249128420595016,3
1347,-24.278468352419186,6.209953378881928,3
1348,-6.327344583307834,-19.130616969138337,7
1349,-25.499843034316584,9.137425727310976,3
1350,-28.365275141592175,12.041104811869543,3
1351,23.411182985867075,10.741054545286142,4
1352,13.097730985147402,11.17222218517767,6
1353,13.694094123393233,11.254737723270063,6
1354,14.90617012229642,11.224315832757448,6
1355,29.479085628843375,6.672161122608833,4
1356,-14.779917048372738,10.936890498000754,9
1357,4.111187856027372,-24.448784274531857,1
1358,-0.40653922405050463,13.562408948487644,5
1359,5.008343460873267,20.33208283815734,0
1360,-19.400446393391025,13.316183637071443,9
1361,8.886697950709715,7.565010571743343,5
1362,-17.651235753021087,-7.706490774898842,2
1363,3.0299716333529556,-6.703587649912993,8
1364,-12.680230307350012,10.821750558689992,2
1365,-1.4181441106647001,22.164003087966556,0
1366,-0.9087356850569842,22.735804762389815,0
1367,4.365187574451532,-7.778984763176465,1
1368,-8.377339925057411,-20.506479630454606,7
1369,13.844930754902002,4.308739749852346,6
1370,-25.10802613766524,2.192742944481661,3
1371,-10.270800119148651,-5.216620847056441,2
1372,1.4129444444758297,-19.971133199100358,1
1373,-1.4836743323117696,-18.481706839315184,7
1374,24.747086078497627,10.305649467823487,4
1375,16.69692562771142,4.7311783962606455,6
1376,-21.81114323758412,-8.945885864474835,3
1377,2.575437920820117,-25.341754425038243,1
1378,-23.671473977924418,3.3519061965211385,3
1379,-19.654681353599944,13.870229503073524,9
1380,7.68851745416965,-23.180366300017084,1
1381,0.027421523647045497,-15.413951703985857,7
1382,11.775331700751263,1.8104383970316364,6
1383,-6.690820250573921,-16.438899087199037,8
1384,20.999452488073906,13.258937005894088,4
1385,-22.603546658318464,9.349250853011737,3
1386,10.78330596538288,-21.905770550469118,1
1387,28.842027549306987,2.0067424323329366,4
1388,5.198146262826032,26.770975992572392,0
1389,10.486443311819288,-3.5337832022893987,5
1390,-26.395867222660332,1.3856248884594091,3
1391,11.429252598487508,7.656499146263774,6
1392,-18.101835974993794,10.849684715438501,9
1393,10.420084365195903,14.491709398425924,6
1394,11.166335512957206,-17.88527574538805,1
1395,-2.7798590019227225,-17.484629819665187,7
1396,-1.9106060770263436,-7.295318668750902,5
1397,25.200429756352758,11.239692783984479,4
1398,26.461363198731657,11.211583468506204,4
1399,0.6803897151165182,-15.003678917808301,7
1400,-13.681926862304346,5.591536049018882,2
1401,-7.861007916355274,-12.76031023713666,8
1402,-14.101394842476893,-2.6069503567614007,2
1403,-14.633313026284844,-2.8062709180116094,2
1404,-1.0244796487787555,13.604115258651607,5
1405,-6.657831609924745,-18.241700192296854,7
1406,-18.877437905636462,7.513939354010799,9
1407,-11.389251884803405,-2.437314667210803,5
1408,25.367562355883926,9.051914211667778,4
1409,4.922678457648764,-18.102509231349668,8
1410,3.666394016064847,-10.910968350892293,8
1411,28.629770341103892,9.72717436216724,4
1412,-10.09424795313805,10.80510957036589,9
1413,9.251099032345527,16.64332466503704,0
1414,-3.4509585820738837,-11.679314830111688,8
1415,-7.301120093713356,19.959342893379564,0
1416,-4.9041539958794065,-1.3854815451801996,1
1417,-9.76941117147413,-4.824900033246541,2
1418,-17.70460944833452,5.224432707695941,3
1419,18.08990570938698,-2.9552317703967033,4
1420,-12.529104191616456,7.07268097370388,5
1421,11.702695316778927,18.56944525562651,6
1422,5.863025104882004,-10.89312077443798,7
1423,-12.493531057409736,4.092323749388788,8
1424,-21.45409538269143,10.385221304985189,9
1425,-3.653369828827206,19.198799023166792,0
1426,-5.529746394093893,4.68887725495618,1
1427,-6.508920731998231,-4.701793549305161,2
1428,-21.388390281345853,7.399175569939206,3
1429,25.789686441947683,-0.5440151092695943,4
1430,-13.05654478734829,12.89803232485177,5
1431,9.78865751922569,19.850944421838193,6
1432,1.6868665653838422,-10.390239376446514,7
1433,-7.995308494480132,-0.22705368928520483,8
1434,-22.95551013458674,10.750364819242616,9
1435,-1.4040136601271438,18.15243604177075,0
1436,-3.1187803279582758,-0.8298465496148135,1
1437,-13.311690130269927,-7.330770169648925,2
1438,-18.579318047206197,1.0206848312276497,3
1439,25.0334800673976,-3.7115396787174313,4
1440,-8.580351029181601,15.23855148362055,5
1441,11.263762020625986,19.747916807857784,6
1442,2.4724308277592115,-12.897146660112867,7
1443,-8.448562788926365,0.6648574215899741,8
1444,-22.167319438050438,10.811347525867138,9
1445,-0.5650299162057538,20.737495413310857,0
1446,-24.544197836648543,13.50977299644669,9
1447,-13.938950861343299,13.528169627547722,5
1448,-13.897481885591787,11.854558287648201,5
1449,13.175929437916382,15.770327417263228,6
1450,-8.068934818480287,12.226409091779825,5
1451,-1.7981306825678376,21.56672773235634,0
1452,-20.60281891381222,11.816112717337562,9
1453,-4.080117785696046,4.617414827182719,8
1454,-22.37901028608909,13.235844396741744,9
1455,-7.086084518003924,2.5751965816239237,8
1456,26.689183814580133,0.6650666484143861,4
1457,-5.126477564499742,10.347584792994246,1
1458,-3.0298839605286125,-14.836629929358851,7
1459,5.507646468831057,-9.544068698247374,7
1460,-21.455864185761204,3.3191516780104586,3
1461,-16.684095140573277,14.038194983242876,5
1462,-6.802486904703061,10.705405743117339,1
1463,-1.6854425519309444,22.71916411290298,0
1464,-3.796511270057677,20.321107132783084,0
1465,-15.392336900044405,-12.412375436171615,2
1466,-12.885134229629408,-8.241875148338591,2
1467,6.305112872734334,-11.251336752048147,7
1468,4.223121683451804,5.102029809419951,8
1469,-13.467144866661567,-9.544976112729852,2
1470,-5.3023187271597045,28.62092648045133,0
1471,-7.6217275977682135,10.502670956121523,1
1472,-11.380504942892024,-11.104466527961021,2
1473,10.53797460332307,24.776343504279243,6
1474,-18.388910459968848,3.10873884281575,3
1475,-20.053045439127327,6.602360976823101,3
1476,-0.8655762757364737,-16.785952432187084,7
1477,-23.220131398918074,5.122096496529071,3
1478,-27.875347746859838,5.618275057315618,3
1479,23.640340548458113,-2.225371103603664,4
1480,16.242453937831044,16.11499770750406,6
1481,10.62258233498942,20.209833871276686,6
1482,17.125949693328526,15.543505306939817,6
1483,25.738084211809973,-2.53375838502375,4
1484,-21.727971796764542,13.248456939540361,9
1485,-7.339391408059205,10.462319027107268,1
1486,-6.4017920103453845,11.722120523873981,5
1487,-5.738808739004282,24.324792822556265,0
1488,-24.928314808166007,11.08216177628703,9
1489,-3.842690010061448,11.017139284112094,5
1490,-11.620069326519882,-10.72563875273255,2
1491,-7.091917053577261,0.16961824388837626,8
1492,-14.387798361400941,-9.694123668984137,2
1493,-6.609355200678182,26.98214795460031,0
1494,-0.9894173722032968,20.70406654749032,0
1495,-7.724719742705812,14.104931470362542,1
1496,-4.6117774570193575,-11.188424996792753,7
1497,14.460527355157298,20.703920490870814,6
1498,-20.50673926804665,3.260527306918675,3
1499,-6.515110437443479,-1.125779929221706,2
1500,-8.573631748318025,-0.2602706729714796,1
1501,-1.5016871749099066,-13.593786147614047,7
1502,26.750806476244875,0.9822364369129569,4
1503,14.13273210694908,17.97565089411106,6
1504,-22.02418831986754,0.9954275144310166,3
1505,-2.98274898360353,0.17915022542224096,1
1506,-21.33335551059555,6.349772470777893,3
1507,-19.08184875882196,13.21539635392356,9
1508,-7.345473489223907,6.206326794332655,1
1509,-2.3534727441449648,-11.73406006910784,7
1510,14.665266423872739,18.65544394447155,6
1511,-5.714448587953804,-0.9391799376848907,8
1512,25.095018806509447,-4.111300050268851,4
1513,-19.41866992828101,7.935606093052556,3
1514,-5.258591748354538,14.220062923083319,1
1515,24.40942900783361,-4.991428399126935,4
1516,-2.481185765753029,22.915197491063203,0
1517,-14.622668123765349,10.854149422797933,5
1518,-21.717040989374446,0.5340370262812492,3
1519,17.030617399582173,17.16720729444435,6
1520,-24.311257219425986,10.63380101061053,9
1521,18.412287083188563,13.48083053474059,6
1522,-7.6115102129821315,4.40858640881267,1
1523,1.7155066542569761,-8.332536754648538,7
1524,-14.860485200152755,12.205954393307813,5
1525,26.747636024714232,0.030347325971380738,4
1526,18.592522188920398,-7.404419997456985,4
1527,-0.4141077641606611,-13.054194948473183,7
1528,-16.89380770393526,-11.108337712691247,2
1529,-0.8022438097766958,2.1361691146876804,8
1530,-18.471246652206172,-8.396561022437906,2
1531,-11.102535234412548,-10.617284488441275,2
1532,-5.296888087026464,11.869750098633727,5
1533,2.415575937690085,-10.427785061544432,7
1534,-22.855108972747136,13.274998464842172,9
1535,-8.677346471439414,4.609372913230306,5
1536,27.0085518577982,-2.3019342617631833,4
1537,1.340865175278995,-1.4568970690716196,8
1538,-3.4225221027316266,-8.750673082584795,8
1539,27.522979788092602,-5.502671474073873,4
1540,-16.717959810065725,4.56207911990428,9
1541,-3.362228580726446,19.4497648484405,0
1542,2.934581196654268,-7.6332060531984975,8
1543,-20.10407726829923,9.392461626605666,9
1544,-0.23832221103447207,-3.7118904511036432,8
1545,6.658952807783145,23.741220457824166,0
1546,9.91882725335374,-23.71163141754272,1
1547,-4.943498037782824,-6.348851832959839,2
1548,-16.628642331418376,-6.6964972536832965,3
1549,22.253327204683025,-1.4443755173212043,4
1550,3.3449238741166583,-8.724997033461333,5
1551,6.592962873128087,-4.520903817026069,6
1552,-7.210670082851222,-18.742871261521948,7
1553,9.865129345533811,-5.568726211467171,8
1554,0.5191445403121538,3.3239578131114396,9
1555,6.620384912498782,23.50193412436722,0
1556,9.359100838761751,-18.77322712270988,1
1557,-3.9371717325609508,2.857419221229472,2
1558,-17.573319515187556,-5.398845208119888,3
1559,24.079403458088713,-0.5207482891059482,4
1560,12.42798641549648,-7.512132237378453,5
1561,15.297738686287245,4.407028949730965,6
1562,-8.687127609455848,-5.336475666112825,9
1563,7.610081694931739,19.005225791508064,0
1564,17.278438993164407,-14.210468278110584,1
1565,-4.52242026264048,-6.712280240572345,2
1566,-23.249444892992265,-6.531307674198559,3
1567,20.519573030605386,-2.1368316338690883,4
1568,-0.017796669576750853,-11.056266183024075,5
1569,19.125022427827314,-4.636206193180881,6
1570,-8.076769357859577,-21.424538014829043,7
1571,2.4806761714784678,-5.391627241161541,8
1572,-5.764372985804626,-1.132004350396428,9
1573,20.092273535060254,4.6009419507931035,0
1574,-4.110605673631746,0.801495985615505,9
1575,-3.1363557906440076,-19.945611739824027,5
1576,0.6945426051158925,-7.606234181380337,5
1577,17.239126619488854,7.276146898624588,6
1578,7.721416940527383,-10.170667249006167,5
1579,4.027627338635612,25.079506629840292,0
1580,0.8968039966802396,-11.685145312045083,9
1581,15.11405470830512,-6.613646288318196,8
1582,-7.248544864198729,-18.93631383256784,9
1583,3.852902046287652,0.4105038834853888,8
1584,27.28697329238458,1.1807624794524538,4
1585,6.136385282027536,-25.560123981767262,1
1586,0.1764071250646102,-17.894929006088237,7
1587,-3.234610264850089,-14.721356369580773,7
1588,-16.505399723399755,-25.259281801414875,3
1589,1.541225709967527,0.4563722198272113,5
1590,9.224606786687408,-23.029457504511747,1
1591,15.821782166629793,13.028722614029629,0
1592,0.4365478594112556,13.79903695795744,0
1593,-7.055193979982111,11.358652087803987,2
1594,-16.667618522168272,-11.012853353759866,2
1595,6.394906707110053,-8.018315965166561,7
1596,2.6581191628157064,-9.687772969454548,8
1597,-4.737477600698047,3.015705104274579,2
1598,10.611385512805013,19.713873416336902,0
1599,16.205160965499253,-20.21555253119171,1
1600,-10.230717598767939,-5.025995859332553,2
1601,15.882121317789546,2.382975183056637,6
1602,-11.99563991893049,-21.51723184874572,3
1603,-13.51326499967236,-27.494446761836144,3
1604,-7.090062691185789,-16.889081403607605,7
1605,-7.522383957106446,-20.733713654006188,3
1606,-13.933438569783306,-19.155649026991146,3
1607,16.13382246947442,-6.298402249507721,4
1608,21.318106553075058,6.956037860833369,6
1609,21.934607235282673,1.4990358711318137,6
1610,17.30419796440347,6.916311847259689,6
1611,-7.073419769897478,-17.96320205525269,4
1612,-0.9379791502725681,-2.1653960668817316,9
1613,14.345818828739477,-22.448231928162194,1
1614,1.729061491462174,-12.899587333090757,5
1615,17.356047639390855,15.225573203785029,0
1616,-18.147929439432502,12.077001988503907,9
1617,7.931163430637312,-5.836154402401369,5
1618,-8.885191231167328,-1.0091690676452931,2
1619,2.613557064900655,-7.7991212308749756,8
1620,2.377070383691693,28.7961711287181,0
1621,10.419130889398156,-22.697433163667085,1
1622,0.014929185046894323,-17.88447970004359,7
1623,15.607803923511444,6.381938090375749,6
1624,-22.66138280023871,-9.373794540593858,3
1625,-9.158409470000485,-9.145916589426621,2
1626,4.721346797554894,-22.45918538521261,1
1627,1.5448689137877336,-14.144628645857013,7
1628,-1.2083632052853228,-17.007383271487804,4
1629,14.401149830515084,1.85832423889768,6
1630,-16.805776348293932,-2.4969155793661275,3
1631,7.401562409134853,-26.311332483533334,1
1632,-13.60625399743789,-5.152124318922485,3
1633,0.3981179554520273,-13.463718342704174,9
1634,8.780640651141004,-25.798822691596005,1
1635,-9.182533171538664,-15.876188150813784,7
1636,19.187861297923213,6.843365008395833,6
1637,7.786176541229806,-0.9131126847574887,8
1638,28.29025717782195,4.3158514242841335,4
1639,-20.619034195368148,-5.402164551074823,3
1640,6.249831255014414,-26.507493169357154,1
1641,26.282898296811016,-3.037675869550917,4
1642,11.187546603836385,20.785738791828013,0
1643,4.57244410922395,-11.492525382069879,5
1644,-19.67959666309569,-0.1092607557681323,3
1645,17.86730860181857,-1.83312713049495,6
1646,-18.945985003064504,12.721262379976823,9
1647,21.15506748479913,-1.8241860494500608,6
1648,5.071089120268659,-24.191247774074245,1
1649,8.591490264722186,-18.30016749428723,7
1650,-0.5446120187245043,-16.52523715076745,5
1651,23.75403095000676,0.13950506507185823,4
1652,16.484081719048152,-9.761893095871613,4
1653,4.512887901892611,-19.188304378469795,7
1654,-2.7122910239135485,-6.866314361116194,2
1655,-14.61099441789749,-2.619291373610473,2
1656,9.905382372110099,-6.088597889762272,5
1657,-2.214888946305893,-13.30396770961352,7
1658,-12.41719766419429,0.7946883739203751,9
1659,8.814110408321323,-11.412750917622576,5
1660,-7.76593916985174,-13.975311770708098,4
1661,26.675715231151344,0.7498678124234109,4
1662,-1.7822355507958831,-15.464904690432626,9
1663,2.5986848086487817,20.947021502057524,0
1664,8.807140310983499,-9.227244549579108,8
1665,0.5117488497975576,-15.777879863325008,9
1666,9.607120381671432,-11.485152505287127,8
1667,-2.4815283750352664,21.23382265479185,0
1668,10.907997599423032,-9.195756406286991,1
1669,-12.85170140819366,-8.221018380786806,2
1670,-6.458165719596576,2.180816956397776,3
1671,14.140838930904378,-2.87528548992959,4
1672,-5.71091298872031,8.730561521464317,5
1673,20.420802640561146,11.349751494480111,6
1674,-3.0356778939354396,-21.768402530136576,7
1675,-10.378169208604538,-3.2515216794954154,8
1676,-22.155166337734283,12.470575282413721,9
1677,0.018642647364035266,23.560885922349506,0
1678,16.22666139945858,-17.05534550237477,1
1679,-0.9857213509919823,-10.680229273516161,2
1680,-8.231512326876004,-13.919716687191071,3
1681,29.09622983400688,4.458706720559458,4
1682,1.2833153428932667,3.2044166708743345,5
1683,15.968989640509296,15.208597330156467,6
1684,8.700764342852978,-13.27343235436415,7
1685,-0.7809205947979941,-9.76727419522251,8
1686,-19.49637022100174,12.570269006933666,9
1687,2.3840640264888444,20.72147764491414,0
1688,11.680322554085114,-10.294421972980103,1
1689,-7.954948709443944,-10.934600999456617,2
1690,-4.7346909388406075,-4.673980681199239,3
1691,27.78817598082469,5.3148441261903105,4
1692,8.07939348777424,8.660271876597802,5
1693,21.568302770502434,12.571206218743521,6
1694,-0.02292683840437565,-23.097497528901854,7
1695,-5.2355038383872134,-0.7839947678265005,8
1696,-16.79558420711679,12.317532719538683,9
1697,-0.033129680918126105,23.813151286057845,0
1698,-16.528847190696407,11.985916123269568,9
1699,2.915210763060669,1.7049249748704463,5
1700,1.122721036938345,1.2824484447650764,5
1701,16.05835350530655,16.048717983448697,6
1702,-2.6193015939338435,-2.630903896614888,5
1703,10.328372170749661,20.2336552192098,0
1704,-21.67465824247683,7.923483735752338,9
1705,0.4379097099218767,5.28383090581916,8
1706,-23.12408983753101,12.816622615146606,9
1707,-0.6220558224289033,-9.238995137949464,8
1708,27.104021881919408,2.1720623369806176,4
1709,9.024583958546367,-12.333026574735165,1
1710,4.665309367675949,-14.43590554316572,7
1711,3.7577978554542018,-15.89913271956836,7
1712,-3.792886660448536,-21.451696913736857,3
1713,2.157273851439762,4.793021244250931,5
1714,10.694649365330013,-20.307623482746962,1
1715,1.0262166390776932,18.433832277670962,0
1716,3.4868824965820227,23.12434593699031,0
1717,-5.889377175157331,3.231253278950083,2
1718,-11.204178829706219,-9.872400697219557,2
1719,4.5027825795281915,-18.10334975575273,7
1720,-6.765358455248512,-11.749644903230912,8
1721,-7.067374430032367,-2.6945510695739334,2
1722,9.579962909531087,10.590813818581362,0
1723,10.310687417274291,-16.026041155093534,1
1724,-4.264137124202666,-2.7052949371236203,2
1725,19.620840358185777,13.142981085072732,6
1726,-8.88361862893423,-11.84259227184869,3
1727,-4.9464834155201975,-15.447533251865003,3
1728,4.254974578275172,-17.29341407817566,7
1729,-0.027763141704782536,7.835524690654459,3
1730,-7.993882890385886,-15.346798159366083,3
1731,28.99718858380875,-0.24447142043932235,4
1732,20.808552737522177,7.681943347711983,6
1733,17.60816552970513,11.895754770661085,6
1734,13.135701473223568,21.842966169100794,6
1735,25.159461705195422,0.19775629832439703,4
1736,-18.072519289149987,15.331561180368526,9
1737,10.23064960523735,-18.49326380635535,1
1738,-3.6880213931502457,5.37196616048971,5
1739,1.8138746073974228,16.88843030516034,0
1740,-20.00551125074813,10.245275706227131,9
1741,6.717144716404377,12.074899736788627,5
1742,-10.193363035452496,-13.090209678220416,2
1743,-0.16984910047368806,-1.4959662122645128,8
1744,-14.558684139293463,-9.793863888022342,2
1745,4.095454217314554,18.320301471756693,0
1746,-1.4580190777100401,18.031405659792792,0
1747,12.803236284344882,-11.286828836522368,1
1748,11.014503064139214,-15.77493080176076,7
1749,22.85171539618052,10.054289213582967,6
1750,-15.478904500629922,-16.05928419461002,3
1751,-9.518629810029521,-8.611980059676497,2
1752,1.8984770645498066,-18.376123153013445,1
1753,12.668019317935826,-18.97901899242631,7
1754,23.60662507695975,6.089310034854712,4
1755,24.113803502211955,6.089257903755588,6
1756,-19.83753632016674,-7.853119343943511,3
1757,4.5327539244492465,-22.648769662719243,1
1758,-10.962867175333866,-1.074461032171604,3
1759,-19.148650281783883,12.687313760409209,9
1760,17.15971570730819,-14.905555964917063,1
1761,-0.6329880592239304,-20.799118810982733,7
1762,17.548819816610173,14.47892191009366,6
1763,0.19232204503307118,-12.032703247414418,8
1764,28.43572609802411,12.254409432625044,4
1765,-1.4590396989421328,-3.691628058055812,3
1766,12.558761380726363,-13.144062493076913,1
1767,23.603386667883726,3.4106868291990975,4
1768,10.04180932431642,17.00488577691068,0
1769,-8.393397452244033,12.767495637629926,5
1770,-18.68126294038306,-3.6642987581743776,3
1771,24.435176814212852,0.5794405523747719,6
1772,-19.232584740695067,5.1314052596355655,9
1773,15.89146458697975,17.01022337424107,6
1774,10.504042684403972,-14.139551878668952,1
1775,-3.1230633626758872,-23.706714226035185,7
1776,-0.9160660275932279,10.02863166683776,5
1777,20.23082478307994,2.370175358543105,4
1778,26.803277405611087,2.232477565713986,4
1779,3.348991729215232,-19.373978507160448,7
1780,-10.178752824471907,-10.063057265689805,2
1781,0.3047113453319201,-0.5014214767083576,8
1782,-6.848571912406647,-11.773855165048156,2
1783,-7.866847099301436,-7.597506348209568,2
1784,1.5771016530131108,11.487582995406411,5
1785,3.8867311905002717,-18.7472786295804,7
1786,-16.65489607640938,7.941859734937419,9
1787,-3.9724543057451944,14.027018519286838,5
1788,28.181203004366335,7.782529021592966,4
1789,3.553325500161787,-17.972234748002393,8
1790,0.13467141135258445,-18.64725929947923,8
1791,31.700126356788846,2.7835641312620094,4
1792,-14.606629065145167,13.34412638252864,9
1793,6.464573787002365,20.567297824159326,0
1794,10.8012847310286,-6.9602525137859885,8
1795,-4.872101565432292,12.423953902312753,9
1796,-0.3443877436213596,6.3655459384330975,8
